{"TotalUser":20949,"PythonUser":10083,"Python_User_Percentage":48.1311757124}
{"TotalUser":9061,"PythonUser":3105,"Python_User_Percentage":34.2677408675}
{"TotalUser":5866,"PythonUser":2451,"Python_User_Percentage":41.783157177}
{"TotalUser":5737,"PythonUser":2384,"Python_User_Percentage":41.5548195921}
{"TotalUser":3395,"PythonUser":1558,"Python_User_Percentage":45.8910162003}
{"TotalUser":2391,"PythonUser":1054,"Python_User_Percentage":44.0819740694}
{"TotalUser":1948,"PythonUser":767,"Python_User_Percentage":39.3737166324}
{"TotalUser":1922,"PythonUser":751,"Python_User_Percentage":39.0738813736}
{"TotalUser":1903,"PythonUser":790,"Python_User_Percentage":41.5133998949}
{"TotalUser":1852,"PythonUser":767,"Python_User_Percentage":41.4146868251}
{"TotalUser":1694,"PythonUser":708,"Python_User_Percentage":41.7945690673}
{"TotalUser":1604,"PythonUser":641,"Python_User_Percentage":39.9625935162}
{"TotalUser":1576,"PythonUser":625,"Python_User_Percentage":39.6573604061}
{"TotalUser":1274,"PythonUser":496,"Python_User_Percentage":38.9324960754}
{"TotalUser":978,"PythonUser":460,"Python_User_Percentage":47.0347648262}
{"TotalUser":952,"PythonUser":457,"Python_User_Percentage":48.0042016807}
{"TotalUser":949,"PythonUser":371,"Python_User_Percentage":39.0937829294}
{"TotalUser":923,"PythonUser":251,"Python_User_Percentage":27.1939328277}
{"TotalUser":868,"PythonUser":246,"Python_User_Percentage":28.3410138249}
{"TotalUser":839,"PythonUser":338,"Python_User_Percentage":40.2860548272}
{"TotalUser":764,"PythonUser":285,"Python_User_Percentage":37.3036649215}
{"TotalUser":760,"PythonUser":253,"Python_User_Percentage":33.2894736842}
{"TotalUser":738,"PythonUser":268,"Python_User_Percentage":36.3143631436}
{"TotalUser":727,"PythonUser":296,"Python_User_Percentage":40.7152682256}
{"TotalUser":664,"PythonUser":297,"Python_User_Percentage":44.7289156627}
{"TotalUser":659,"PythonUser":181,"Python_User_Percentage":27.4658573596}
{"TotalUser":642,"PythonUser":245,"Python_User_Percentage":38.1619937695}
{"TotalUser":627,"PythonUser":202,"Python_User_Percentage":32.2169059011}
{"TotalUser":617,"PythonUser":246,"Python_User_Percentage":39.8703403566}
{"TotalUser":605,"PythonUser":204,"Python_User_Percentage":33.7190082645}
{"TotalUser":574,"PythonUser":232,"Python_User_Percentage":40.4181184669}
{"TotalUser":556,"PythonUser":226,"Python_User_Percentage":40.6474820144}
{"TotalUser":553,"PythonUser":191,"Python_User_Percentage":34.5388788427}
{"TotalUser":546,"PythonUser":266,"Python_User_Percentage":48.7179487179}
{"TotalUser":525,"PythonUser":182,"Python_User_Percentage":34.6666666667}
{"TotalUser":524,"PythonUser":236,"Python_User_Percentage":45.0381679389}
{"TotalUser":522,"PythonUser":152,"Python_User_Percentage":29.1187739464}
{"TotalUser":513,"PythonUser":191,"Python_User_Percentage":37.2319688109}
{"TotalUser":507,"PythonUser":148,"Python_User_Percentage":29.191321499}
{"TotalUser":501,"PythonUser":209,"Python_User_Percentage":41.7165668663}
{"TotalUser":402,"PythonUser":117,"Python_User_Percentage":29.1044776119}
{"TotalUser":391,"PythonUser":182,"Python_User_Percentage":46.547314578}
{"TotalUser":381,"PythonUser":117,"Python_User_Percentage":30.7086614173}
{"TotalUser":372,"PythonUser":137,"Python_User_Percentage":36.8279569892}
{"TotalUser":323,"PythonUser":111,"Python_User_Percentage":34.3653250774}
{"TotalUser":313,"PythonUser":108,"Python_User_Percentage":34.5047923323}
{"TotalUser":303,"PythonUser":139,"Python_User_Percentage":45.8745874587}
{"TotalUser":299,"PythonUser":95,"Python_User_Percentage":31.7725752508}
{"TotalUser":298,"PythonUser":119,"Python_User_Percentage":39.932885906}
{"TotalUser":260,"PythonUser":101,"Python_User_Percentage":38.8461538462}
{"TotalUser":260,"PythonUser":87,"Python_User_Percentage":33.4615384615}
{"TotalUser":249,"PythonUser":120,"Python_User_Percentage":48.1927710843}
{"TotalUser":248,"PythonUser":79,"Python_User_Percentage":31.8548387097}
{"TotalUser":237,"PythonUser":101,"Python_User_Percentage":42.6160337553}
{"TotalUser":231,"PythonUser":78,"Python_User_Percentage":33.7662337662}
{"TotalUser":214,"PythonUser":92,"Python_User_Percentage":42.9906542056}
{"TotalUser":206,"PythonUser":102,"Python_User_Percentage":49.5145631068}
{"TotalUser":202,"PythonUser":69,"Python_User_Percentage":34.1584158416}
{"TotalUser":195,"PythonUser":82,"Python_User_Percentage":42.0512820513}
{"TotalUser":188,"PythonUser":88,"Python_User_Percentage":46.8085106383}
{"TotalUser":187,"PythonUser":88,"Python_User_Percentage":47.0588235294}
{"TotalUser":160,"PythonUser":80,"Python_User_Percentage":50.0}
{"TotalUser":158,"PythonUser":49,"Python_User_Percentage":31.0126582278}
{"TotalUser":155,"PythonUser":50,"Python_User_Percentage":32.2580645161}
{"TotalUser":136,"PythonUser":37,"Python_User_Percentage":27.2058823529}
{"TotalUser":136,"PythonUser":39,"Python_User_Percentage":28.6764705882}
{"TotalUser":134,"PythonUser":40,"Python_User_Percentage":29.8507462687}
{"TotalUser":130,"PythonUser":40,"Python_User_Percentage":30.7692307692}
{"TotalUser":130,"PythonUser":47,"Python_User_Percentage":36.1538461538}
{"TotalUser":120,"PythonUser":42,"Python_User_Percentage":35.0}
{"TotalUser":111,"PythonUser":36,"Python_User_Percentage":32.4324324324}
{"TotalUser":108,"PythonUser":29,"Python_User_Percentage":26.8518518519}
{"TotalUser":98,"PythonUser":33,"Python_User_Percentage":33.6734693878}
{"TotalUser":97,"PythonUser":21,"Python_User_Percentage":21.6494845361}
{"TotalUser":88,"PythonUser":28,"Python_User_Percentage":31.8181818182}
{"TotalUser":86,"PythonUser":23,"Python_User_Percentage":26.7441860465}
{"TotalUser":86,"PythonUser":28,"Python_User_Percentage":32.5581395349}
{"TotalUser":84,"PythonUser":30,"Python_User_Percentage":35.7142857143}
{"TotalUser":84,"PythonUser":32,"Python_User_Percentage":38.0952380952}
{"TotalUser":82,"PythonUser":39,"Python_User_Percentage":47.5609756098}
{"TotalUser":80,"PythonUser":26,"Python_User_Percentage":32.5}
{"TotalUser":72,"PythonUser":47,"Python_User_Percentage":65.2777777778}
{"TotalUser":67,"PythonUser":25,"Python_User_Percentage":37.3134328358}
{"TotalUser":67,"PythonUser":19,"Python_User_Percentage":28.3582089552}
{"TotalUser":65,"PythonUser":20,"Python_User_Percentage":30.7692307692}
{"TotalUser":65,"PythonUser":22,"Python_User_Percentage":33.8461538462}
{"TotalUser":64,"PythonUser":15,"Python_User_Percentage":23.4375}
{"TotalUser":64,"PythonUser":20,"Python_User_Percentage":31.25}
{"TotalUser":61,"PythonUser":25,"Python_User_Percentage":40.9836065574}
{"TotalUser":54,"PythonUser":8,"Python_User_Percentage":14.8148148148}
{"TotalUser":52,"PythonUser":19,"Python_User_Percentage":36.5384615385}
{"TotalUser":52,"PythonUser":20,"Python_User_Percentage":38.4615384615}
{"TotalUser":52,"PythonUser":9,"Python_User_Percentage":17.3076923077}
{"TotalUser":51,"PythonUser":16,"Python_User_Percentage":31.3725490196}
{"TotalUser":49,"PythonUser":17,"Python_User_Percentage":34.693877551}
{"TotalUser":49,"PythonUser":30,"Python_User_Percentage":61.2244897959}
{"TotalUser":44,"PythonUser":8,"Python_User_Percentage":18.1818181818}
{"TotalUser":43,"PythonUser":7,"Python_User_Percentage":16.2790697674}
{"TotalUser":42,"PythonUser":16,"Python_User_Percentage":38.0952380952}
{"TotalUser":39,"PythonUser":17,"Python_User_Percentage":43.5897435897}
{"TotalUser":39,"PythonUser":14,"Python_User_Percentage":35.8974358974}
{"TotalUser":39,"PythonUser":14,"Python_User_Percentage":35.8974358974}
{"TotalUser":39,"PythonUser":20,"Python_User_Percentage":51.2820512821}
{"TotalUser":36,"PythonUser":11,"Python_User_Percentage":30.5555555556}
{"TotalUser":34,"PythonUser":11,"Python_User_Percentage":32.3529411765}
{"TotalUser":33,"PythonUser":13,"Python_User_Percentage":39.3939393939}
{"TotalUser":32,"PythonUser":15,"Python_User_Percentage":46.875}
{"TotalUser":30,"PythonUser":9,"Python_User_Percentage":30.0}
{"TotalUser":30,"PythonUser":16,"Python_User_Percentage":53.3333333333}
{"TotalUser":30,"PythonUser":10,