name	age	height	weight	bmi
dylan	21	1.68	78	27.636054421768712
Vi	20	1.8	75	23.148148148148145
Lillia	eternal	1.7	80	27.68166089965398
Emerald	25	1.75	70	22.857142857142858
David	45	1.8	90	27.777777777777775
David	45	1.8	90	27.777777777777775
